{
    "iterationLimit": 500000,
    "learningRate": 0.01,
    "minAcceptable": 10e-3,
    "trainingDataInputs": [
        [43.84712987915358],
        [54.86380535964662],
        [96.44092979017024],
        [55.81521574462166],
        [31.217035598417386],
        [78.30772574199585],
        [59.12154010910733],
        [64.6497410141894],
        [6.758968285564881],
        [87.056453117704],
        [81.96176375434409],
        [95.1041605393588],
        [13.951136942946485],
        [88.50670775682156],
        [30.342677866177336],
        [91.28459692156365],
        [11.940649953727366],
        [92.28684545186401],
        [82.38762272448837],
        [75.81898046507182],
        [29.931486872346614],
        [57.02921059005672],
        [2.6666631094614868],
        [34.67118202724413],
        [58.80735873500137],
        [85.34592478806812],
        [96.24465408159725],
        [56.2199825059896],
        [50.22072978635682],
        [65.13192908524282],
        [77.82904457603836],
        [44.09075860559507],
        [63.887058730032656],
        [62.39585684461135],
        [75.36956304601667],
        [73.8479400093634],
        [45.50892888403405],
        [96.82937877183207],
        [55.779931864959664],
        [68.54705123429821],
        [34.50972458356133],
        [59.65387983010564],
        [89.24096051316246],
        [36.31128789422294],
        [36.122148544493015],
        [90.84399004952628],
        [39.02677847443249],
        [73.87972937961335],
        [8.73352755245227],
        [53.67945191919743],
        [21.955782005803982],
        [80.82765967471397],
        [1.404436721161051],
        [28.326781857385175],
        [96.80100249050722],
        [18.831769057445026],
        [22.723618950264623],
        [85.4502034770658],
        [84.44535277778705],
        [63.63474667585112],
        [31.649110323632467],
        [54.80139932735608],
        [19.21430149107194],
        [7.515876190536385],
        [72.8753712999597],
        [21.57100371270786],
        [11.328748517686549],
        [80.62464525112688],
        [63.280753782636154],
        [52.80021185155803],
        [77.21206072298844],
        [5.379042002491808],
        [6.583070884409203],
        [55.33842598140459],
        [27.135150272233556],
        [63.19964209528898],
        [45.93023239321852],
        [87.93284830747477],
        [15.734430572143932],
        [54.58781679858554],
        [69.43596875179935],
        [34.03647683980682],
        [1.5192359688487644],
        [49.45979780125257],
        [12.20042346038468],
        [89.99287700092238],
        [88.23600096412008],
        [88.5629506810586],
        [74.95323657488838],
        [16.20972794229132],
        [79.55429960728276],
        [46.117623983957145],
        [8.902871220351605],
        [34.79359766244011],
        [77.4959716341313],
        [76.56091733337419],
        [10.570437801588639],
        [47.49267335147336],
        [39.74815494288564],
        [57.8605040754948],
        [0.4591625136939448],
        [10.187230408379744],
        [36.08429727411252],
        [38.80542769251688],
        [34.741263775618904],
        [87.76741780908615],
        [43.52068273226731],
        [93.70893382568286],
        [77.87089037365395],
        [31.34802573750779],
        [28.90308671686943],
        [78.69907246105427],
        [87.82969562717837],
        [55.593668958641416],
        [30.264978483747782],
        [48.26493659771024],
        [97.22098342714686],
        [52.75143601916754],
        [30.503516496480408],
        [89.25355564874421],
        [66.77659162164122],
        [41.15215726484836],
        [76.64851630935921],
        [34.285945157169074],
        [52.53973030340583],
        [17.780652751176383],
        [62.55365878272367],
        [9.21711039597064],
        [42.48229760788609],
        [62.38688030923933],
        [81.79714935623093],
        [36.668375721592604],
        [69.84701357045992],
        [86.36090203754026],
        [45.84114031473945],
        [5.988452190679827],
        [39.25078099805096],
        [79.14604990339068],
        [40.06479859681463],
        [9.371800172994648],
        [8.089537057161756],
        [57.712669520973],
        [83.86331326767935],
        [17.829528767683545],
        [40.27617990543231],
        [89.5134230514688],
        [97.23030378131907],
        [55.454686757809505],
        [79.87969776359046],
        [53.6708353643552],
        [60.762546285507156],
        [75.88279062551577],
        [30.094432968195704],
        [91.71220912760147],
        [98.19804627003431],
        [56.04242440132471],
        [54.07550141268537],
        [79.52521363743938],
        [30.87311181383514],
        [67.11480045877045],
        [51.071317820288456],
        [82.61698222374737],
        [80.92577152749061],
        [86.42243466033324],
        [62.33612551628526],
        [27.267904893935757],
        [72.9194553672368],
        [63.145181141807136],
        [66.70554515899421],
        [84.03391982728637],
        [30.28369421474212],
        [69.30270546969639],
        [11.195362000829046],
        [7.103024388518985],
        [6.911208296105931],
        [7.337267763579081],
        [41.75091747889142],
        [97.26203147325262],
        [1.765104009363705],
        [75.38214595664249],
        [6.0661622303911695],
        [77.39041884251672],
        [61.708718058955],
        [80.27575947301267],
        [56.616569468581105],
        [32.90155208141346],
        [12.945780573999265],
        [80.13910886557566],
        [3.2191477743836128],
        [13.593151163885365],
        [7.764528211967092],
        [34.21933004390012],
        [77.35261691617093],
        [10.233570574485862],
        [53.44098391087044],
        [2.8117469910876824],
        [84.77616480289993],
        [78.94233181560242],
        [53.943260118162506],
        [73.59020083450746]
    ],